Beauty,Skincare Fridge,5556313860.99
Beauty,Body Wash,2847182344.36
Clothing - Outerwear,Denim Jacket,4590789671.51
Crafts,Electric Heat Press Machine,1656704703.60
Food - Baked Goods,Raspberry Tart,4862003619.30
Food - Baking Goods,Organic Whole Wheat Flour,1939276639.08
Food - Canned Goods,Mushroom Soup (canned),3523815454.17
Food - Frozen Foods,Frozen Berry Medley,687871827.75
Food - Meat,Pineapple Teriyaki Chicken Mix,3043715929.65
Food - Nuts,Garlic Parmesan Roasted Nuts,4893680258.48
Food - Prepared Meals,Fettuccine Alfredo Dinner Kit,596046820.16
Food - Produce,Organic Fruit Salad,3854568106.71
Food - Snacks,Honeycrisp Apple Chips,5621601082.72
Food - Snacks,Chocolate Peanut Butter Cups,4234479621.54
Food - Soups,Spicy Thai Coconut Soup,1623403313.83
Garden,Adjustable Kneeling Pad,154018343.71
Home,Shower Curtain Hooks,8095167473.25
Kitchen,Aeropress Coffee Maker,7794719708.92
Kitchen,Non-Stick Baking Sheets,5572601980.52
Kitchen,Pasta Maker Machine,5087648172.78
Kitchen,Juice Extractor,3491891105.22
Kitchen,Personal Blender with Cups,1308414339.84
Outdoor,Travel Beach Blanket,6587583387.18
Outdoor,Shatterproof Wine Glasses,3947819525.00
Outdoor,Compact Pop-Up Tent,2008488035.68
